Time_count,Time_mean,Time_std,Time_min,Time_25%,Time_50%,Time_75%,Time_max,1->2Bytes_count,1->2Bytes_mean,1->2Bytes_std,1->2Bytes_min,1->2Bytes_25%,1->2Bytes_50%,1->2Bytes_75%,1->2Bytes_max,2->1Bytes_count,2->1Bytes_mean,2->1Bytes_std,2->1Bytes_min,2->1Bytes_25%,2->1Bytes_50%,2->1Bytes_75%,2->1Bytes_max,1->2Pkts_count,1->2Pkts_mean,1->2Pkts_std,1->2Pkts_min,1->2Pkts_25%,1->2Pkts_50%,1->2Pkts_75%,1->2Pkts_max,2->1Pkts_count,2->1Pkts_mean,2->1Pkts_std,2->1Pkts_min,2->1Pkts_25%,2->1Pkts_50%,2->1Pkts_75%,2->1Pkts_max,1->2Bytes_peak_num,2->1Bytes_peak_num,1->2Pkts_peak_num,2->1Pkts_peak_num
39823.0,1604265087.0364864,100.04452024714084,1604264911.0,1604265000.0,1604265088.0,1604265172.0,1604265257.0,39823.0,522.6309168068703,869.6311385533688,0.0,190.0,324.0,454.0,20837.0,39823.0,674.4462998769555,17499.055609936884,0.0,0.0,0.0,0.0,1140172.0,39823.0,1.5976445772543506,2.5514644514087452,0.0,1.0,1.0,2.0,156.0,39823.0,0.5426512317002737,12.884025936226475,0.0,0.0,0.0,0.0,833.0,11793,998,4428,991
208.0,1604178786.1730769,96.36183243331922,1604178642.0,1604178699.75,1604178783.0,1604178869.5,1604178942.0,208.0,10252.245192307691,25378.133864736756,32.0,217.0,436.0,15233.75,197377.0,208.0,438950.3701923077,683691.174533416,0.0,0.0,166.0,1008965.0,2257360.0,208.0,66.92788461538461,168.99601113363116,1.0,1.0,2.0,97.0,1319.0,208.0,327.7644230769231,508.2817196735043,0.0,0.0,1.5,752.25,1680.0,72,64,63,63
1670.0,1604023159.302994,91.62377381835805,1604023038.0,1604023076.0,1604023136.0,1604023233.0,1604023354.0,1670.0,1753.1185628742514,4826.919545620665,0.0,61.0,152.0,1584.5,83230.0,1670.0,40290.30359281437,194088.23778532323,0.0,52.0,151.0,3455.75,3184865.0,1670.0,15.702994011976047,60.676329382154606,0.0,1.0,2.0,7.0,1005.0,1670.0,30.29580838323353,131.45671343786123,0.0,1.0,1.0,7.0,2131.0,464,463,404,405
84.0,1604267368.857143,6.869073098487009,1604267356.0,1604267363.0,1604267369.5,1604267374.0,1604267381.0,84.0,1613.297619047619,4322.107450535001,0.0,224.25,291.0,667.5,26393.0,84.0,10502.97619047619,87850.80944816729,0.0,0.0,0.0,13.0,805212.0,84.0,5.2023809523809526,15.18304361911254,0.0,1.0,1.0,2.0,107.0,84.0,9.404761904761905,65.34986823441868,0.0,0.0,0.0,0.25,596.0,21,18,15,18
225.0,1604178487.08,93.03716039457423,1604178341.0,1604178409.0,1604178479.0,1604178571.0,1604178641.0,225.0,11213.537777777778,26657.856416335653,0.0,262.0,434.0,11994.0,150232.0,225.0,344586.6222222222,612189.9400634988,0.0,0.0,166.0,485906.0,2144448.0,225.0,73.44888888888889,176.76626089857638,0.0,1.0,2.0,83.0,991.0,225.0,257.29777777777775,455.1623878632732,0.0,0.0,1.0,361.0,1596.0,63,56,55,55
1015.0,1604023603.3389163,99.05227144348854,1604023445.0,1604023507.0,1604023599.0,1604023688.0,1604023772.0,1015.0,1525.1625615763546,3336.377062848314,0.0,61.0,153.0,1656.0,45378.0,1015.0,27346.10935960591,142019.60605190057,0.0,52.0,100.0,983.5,2731922.0,1015.0,10.613793103448275,39.39393678374908,0.0,1.0,2.0,5.0,794.0,1015.0,22.19014778325123,98.95308145213882,0.0,1.0,1.0,5.0,1822.0,290,276,257,232
1341.0,1604267935.9701715,81.96605052066353,1604267777.0,1604267876.0,1604267937.0,1604268004.0,1604268077.0,1341.0,1304.6912751677853,4294.577023130772,0.0,187.0,291.0,867.0,56653.0,1341.0,14698.504101416853,130214.55943287147,0.0,0.0,0.0,0.0,2188802.0,1341.0,5.445935868754661,24.623604291842444,0.0,1.0,1.0,2.0,376.0,1341.0,11.930648769574944,96.35775437715823,0.0,0.0,0.0,0.0,1614.0,399,223,263,223
363.0,1604342609.2369146,87.9532087012219,1604342452.0,1604342533.5,1604342614.0,1604342687.5,1604342752.0,363.0,14855.950413223141,24146.30556353704,0.0,170.0,911.0,22378.5,147824.0,363.0,326287.92011019285,565782.3573582586,0.0,0.0,465.0,423288.5,2991336.0,363.0,111.04683195592287,186.58972190355587,0.0,1.0,4.0,171.5,1157.0,363.0,247.05509641873277,423.91080090243594,0.0,0.0,3.0,323.0,2256.0,116,117,110,114
30007.0,1604265726.632419,88.390261257116,1604265572.0,1604265651.0,1604265732.0,1604265802.0,1604265876.0,30007.0,541.370413570167,928.3231222108109,0.0,200.0,355.0,453.0,20373.0,30007.0,995.5231779251508,23274.622824069236,0.0,0.0,0.0,0.0,1403742.0,30007.0,1.5169127203652482,2.7273340871446075,0.0,1.0,1.0,1.0,114.0,30007.0,0.783050621521645,17.128902731632568,0.0,0.0,0.0,0.0,1025.0,8882,871,2988,859
588.0,1604269675.1309524,51.531220034787495,1604269583.0,1604269630.75,1604269681.0,1604269717.25,1604269765.0,588.0,2827.831632653061,19877.482716686784,0.0,201.0,291.0,483.0,267086.0,588.0,56092.3418367347,482340.5285488223,0.0,0.0,0.0,175.0,5757688.0,588.0,16.260204081632654,131.03252121634557,0.0,1.0,1.0,2.0,1833.0,588.0,42.74659863945578,355.1039803647144,0.0,0.0,0.0,1.0,4237.0,173,146,142,146
2372.0,1604352201.5413153,209.40702865165227,1604351841.0,1604352023.0,1604352195.0,1604352386.25,1604352564.0,2372.0,3421.502107925801,7158.23664450297,0.0,72.0,190.0,1801.0,59833.0,2372.0,135754.8376897133,328302.4795060429,0.0,0.0,72.0,1085.0,1720560.0,2372.0,50.04300168634064,116.51016687468078,0.0,1.0,1.0,6.0,590.0,2372.0,91.20278246205734,218.76312658007603,0.0,0.0,1.0,3.0,1148.0,730,689,611,632
1385.0,1604114021.6866426,88.33721681669101,1604113894.0,1604113945.0,1604114001.0,1604114096.0,1604114194.0,1385.0,1002.3805054151625,3584.6016053973626,0.0,73.0,160.0,474.0,91910.0,1385.0,23640.90108303249,102408.92771517855,0.0,0.0,72.0,148.0,890907.0,1385.0,6.929241877256318,26.232385580696132,0.0,1.0,1.0,2.0,314.0,1385.0,16.84909747292419,68.59590698247588,0.0,0.0,1.0,1.0,596.0,355,311,262,252
1114.0,1604317926.9847398,80.04433149829318,1604317790.0,1604317859.0,1604317925.0,1604317995.75,1604318070.0,1114.0,370.613105924596,453.44799457199,0.0,157.0,291.0,582.0,7424.0,1114.0,83.7262118491921,523.8497873681162,0.0,0.0,0.0,0.0,8873.0,1114.0,1.6149012567324954,1.6356848977051195,0.0,1.0,1.0,2.0,21.0,1114.0,0.36894075403949733,1.2827437707478264,0.0,0.0,0.0,0.0,17.0,353,169,294,165
1321.0,1604288824.348978,84.32436526061942,1604288674.0,1604288758.0,1604288826.0,1604288899.0,1604288977.0,1321.0,892.8440575321725,2192.5225889226863,0.0,72.0,201.0,527.0,27748.0,1321.0,11044.876608629826,68893.66030785623,0.0,0.0,83.0,390.0,963550.0,1321.0,6.423164269492808,25.7149651508045,0.0,1.0,1.0,3.0,437.0,1321.0,9.799394398183194,48.78856547230232,0.0,0.0,1.0,3.0,675.0,389,368,331,322
324.0,1604434203.478395,89.02420530004643,1604434051.0,1604434126.75,1604434202.5,1604434280.25,1604434357.0,324.0,16332.182098765432,27767.622351796712,0.0,1507.5,3945.0,25475.75,319655.0,324.0,273125.2962962963,415280.2241030609,0.0,2094.0,41307.5,481960.25,4012146.0,324.0,137.8179012345679,244.94982272658595,0.0,6.0,25.5,220.5,2952.0,324.0,202.89506172839506,305.25176348166264,0.0,5.0,34.5,356.25,2960.0,97,97,98,97
1907.0,1604384006.6984792,80.97637921234153,1604383814.0,1604383971.0,1604384001.0,1604384085.0,1604384127.0,1907.0,580.3990561090718,1298.5971503621881,0.0,59.0,96.0,348.5,19544.0,1907.0,3217.7058206607235,26349.80068422944,0.0,40.0,128.0,306.5,946189.0,1907.0,2.8930256948085997,5.498171843536652,0.0,1.0,1.0,2.0,108.0,1907.0,3.937073938122706,18.50680441032295,0.0,1.0,1.0,2.0,644.0,541,540,371,430
323.0,1604435131.4798763,89.75903939314252,1604434978.0,1604435053.5,1604435132.0,1604435209.5,1604435286.0,323.0,17838.123839009288,24259.982730368632,0.0,990.5,3305.0,26902.5,161989.0,323.0,287888.80495356035,412615.67656012496,0.0,224.0,37256.0,436155.5,2180708.0,323.0,150.23529411764707,220.2306252901131,0.0,3.5,24.0,223.5,1493.0,323.0,213.64705882352942,302.8304353284169,0.0,2.0,30.0,321.5,1603.0,101,102,102,102
1237.0,1604317037.6952305,87.04239612503216,1604316887.0,1604316965.0,1604317035.0,1604317113.0,1604317187.0,1237.0,457.55133387227164,675.1389033577441,0.0,139.0,291.0,582.0,10654.0,1237.0,181.95311236863378,1082.5192447598592,0.0,0.0,0.0,52.0,25428.0,1237.0,1.7696038803556993,1.8489341602789486,0.0,1.0,1.0,2.0,23.0,1237.0,0.5392077607113985,1.7816369204149907,0.0,0.0,0.0,1.0,22.0,383,215,328,208
3392.0,1604386090.7676888,104.52915161996307,1604385912.0,1604386002.75,1604386090.0,1604386175.25,1604386281.0,3392.0,1427.469929245283,6218.067997128018,0.0,61.0,120.0,957.5,169752.0,3392.0,2458.7865566037735,17919.185273374776,0.0,52.0,150.0,661.5,588630.0,3392.0,3.4204009433962264,7.682326384455191,0.0,1.0,1.0,3.0,162.0,3392.0,4.517983490566038,16.910879753207926,0.0,1.0,1.0,3.0,493.0,1012,1013,764,844
712.0,1604385212.6783707,87.63318051731994,1604385063.0,1604385135.0,1604385213.0,1604385288.0,1604385363.0,712.0,3213.455056179775,12995.33427646972,0.0,136.0,160.0,426.0,109917.0,712.0,77653.58005617978,369206.0657347127,0.0,0.0,0.0,172.0,2351889.0,712.0,20.792134831460675,88.49305070139819,0.0,1.0,1.0,2.0,786.0,712.0,59.37640449438202,275.03076703888274,0.0,0.0,0.0,1.0,1750.0,227,171,186,169
771.0,1604384305.3437095,85.41458798266326,1604384160.0,1604384232.0,1604384301.0,1604384376.0,1604384460.0,771.0,2691.757457846952,11674.73368708996,0.0,136.0,160.0,471.5,144477.0,771.0,60525.74448767834,331796.62249287014,0.0,0.0,0.0,174.0,2815695.0,771.0,16.900129701686122,77.7756456220796,0.0,1.0,1.0,2.0,1011.0,771.0,46.87548638132296,247.93356369941372,0.0,0.0,0.0,1.0,2094.0,239,191,186,188
1803.0,1604382236.6417084,79.8445581413195,1604382079.0,1604382173.0,1604382236.0,1604382308.0,1604382379.0,1803.0,764.5501941209096,2603.934482516494,0.0,52.0,154.0,351.0,51522.0,1803.0,10760.431503050471,141179.44397641518,0.0,0.0,79.0,364.0,4179107.0,1803.0,7.379922351636162,44.51699567693872,0.0,1.0,1.0,4.0,1208.0,1803.0,10.501386577925679,98.78110293286605,0.0,0.0,1.0,4.0,2872.0,497,449,388,418
659.0,1604118745.538695,92.76361240344387,1604118588.0,1604118660.0,1604118744.0,1604118841.0,1604118888.0,659.0,548.0606980273141,1875.2699653966238,0.0,112.0,324.0,405.0,39104.0,659.0,633.5432473444613,2071.5733751201683,0.0,52.0,296.0,370.0,19651.0,659.0,3.7298937784522,4.0460722619076215,0.0,1.0,4.0,5.0,37.0,659.0,3.188163884673748,3.3418838939949627,0.0,1.0,4.0,5.0,27.0,225,216,205,209
975.0,1604195302.7517948,75.91500660801336,1604195150.0,1604195247.5,1604195301.0,1604195359.0,1604195450.0,975.0,845.2235897435897,1831.9793895776263,0.0,61.0,190.0,855.0,17773.0,975.0,1956.551794871795,16353.368112073056,0.0,40.0,105.0,420.0,380930.0,975.0,2.793846153846154,8.83138671157639,0.0,1.0,1.0,2.0,223.0,975.0,3.227692307692308,15.053479350712022,0.0,1.0,1.0,3.0,369.0,267,250,198,204
1192.0,1604366632.4689598,82.05532963394347,1604366490.0,1604366564.0,1604366630.0,1604366698.0,1604366790.0,1192.0,1526.8607382550335,10004.5973340271,0.0,136.0,141.0,262.0,144641.0,1192.0,22141.237416107382,220124.28298816882,0.0,0.0,0.0,128.0,3078936.0,1192.0,8.52768456375839,57.16439009458693,0.0,1.0,1.0,2.0,846.0,1192.0,17.825503355704697,164.25382690001288,0.0,0.0,0.0,1.0,2295.0,353,249,256,239
858.0,1604118439.3216784,86.28770102089736,1604118287.0,1604118360.0,1604118437.0,1604118518.0,1604118587.0,858.0,674.2645687645688,1738.0700394432738,0.0,70.0,274.0,405.0,17892.0,858.0,1840.8869463869464,25812.3337729306,0.0,52.0,249.5,370.0,741379.0,858.0,4.092074592074592,11.119785162587801,0.0,1.0,3.0,5.0,302.0,858.0,3.874125874125874,17.61246262357282,0.0,1.0,2.0,5.0,500.0,259,252,241,243
1369.0,1604382523.7195034,83.15590888330757,1604382380.0,1604382453.0,1604382526.0,1604382591.0,1604382680.0,1369.0,650.2111029948868,3464.945011925306,0.0,52.0,154.0,272.0,107319.0,1369.0,4790.302410518627,51302.45810650372,0.0,0.0,60.0,183.0,1240651.0,1369.0,5.066471877282688,26.38756007662741,0.0,1.0,1.0,2.0,697.0,1369.0,5.5617238860482106,36.601028114171726,0.0,0.0,1.0,2.0,869.0,398,361,327,318
702.0,1604319275.8561254,86.34159399738927,1604319115.0,1604319204.25,1604319288.0,1604319348.0,1604319415.0,702.0,1585.8760683760684,6655.267516197316,0.0,167.0,291.0,291.0,84830.0,702.0,19313.716524216525,106681.11755550258,0.0,0.0,0.0,0.0,968975.0,702.0,8.326210826210826,36.125599131131025,0.0,1.0,1.0,1.0,346.0,702.0,15.512820512820513,81.57038727849535,0.0,0.0,0.0,0.0,753.0,198,128,126,128
464.0,1604365847.6788793,75.84987379191183,1604365706.0,1604365787.0,1604365843.5,1604365905.0,1604365999.0,464.0,3510.0668103448274,13729.40343953306,0.0,118.0,160.0,315.5,126241.0,464.0,162314.25646551725,696865.3485961749,0.0,0.0,108.0,227.75,5188950.0,464.0,24.017241379310345,90.69532055610838,0.0,1.0,1.0,2.0,858.0,464.0,122.16163793103448,511.62456047319023,0.0,0.0,1.0,2.0,3813.0,132,100,90,86
863.0,1604361332.9710312,93.70051687614306,1604361203.0,1604361239.0,1604361331.0,1604361411.5,1604361503.0,863.0,584.2838933951333,2792.8722642248154,0.0,52.0,87.0,304.0,64650.0,863.0,9602.904982618771,155035.92179028157,0.0,0.0,71.0,163.5,3898907.0,863.0,2.88180764774044,14.859197796032214,0.0,1.0,1.0,2.0,282.0,863.0,8.127462340672075,107.67830396684779,0.0,0.0,1.0,1.5,2654.0,263,246,177,207
745.0,1604319575.1852348,88.0031496685843,1604319416.0,1604319497.0,1604319582.0,1604319656.0,1604319716.0,745.0,820.510067114094,3601.8422317753034,0.0,157.0,291.0,291.0,52737.0,745.0,10951.253691275168,84501.47970038881,0.0,0.0,0.0,0.0,971092.0,745.0,4.251006711409396,23.236340123723856,0.0,1.0,1.0,1.0,335.0,745.0,8.875167785234899,63.528160196157145,0.0,0.0,0.0,0.0,740.0,217,133,131,133
222.0,1604266407.59009,8.059085594863188,1604266394.0,1604266400.0,1604266405.0,1604266415.75,1604266422.0,222.0,830.6666666666666,3591.4376174283425,0.0,110.0,291.0,485.25,52032.0,222.0,233.50900900900902,691.5103199106322,0.0,0.0,0.0,108.75,5594.0,222.0,2.036036036036036,3.0602632836426618,0.0,1.0,1.0,2.0,41.0,222.0,1.027027027027027,1.6720186377723443,0.0,0.0,0.0,1.0,9.0,56,40,41,39
502.0,1604364349.2709162,85.67299799578464,1604364200.0,1604364278.0,1604364349.0,1604364424.75,1604364500.0,502.0,6019.324701195219,21014.213225841828,0.0,126.0,198.0,435.0,173741.0,502.0,253308.57569721114,964362.1252512533,0.0,0.0,108.0,414.0,7669934.0,502.0,38.62948207171315,134.9481092233781,0.0,1.0,1.0,3.0,1156.0,502.0,189.27290836653387,708.3466166816784,0.0,0.0,1.0,3.0,5620.0,143,123,100,113
2154.0,1604306008.2544105,88.03561587436815,1604305852.0,1604305923.0,1604306024.5,1604306079.0,1604306152.0,2154.0,1911.4243268337975,4963.5409967354135,0.0,64.0,151.0,524.0,62340.0,2154.0,10082.467966573817,151101.63650562573,0.0,52.0,118.5,370.0,5394296.0,2154.0,11.39322191272052,46.98634532524031,0.0,1.0,1.0,4.0,1421.0,2154.0,17.769266480965644,106.39526233092211,0.0,1.0,1.0,4.0,3600.0,561,531,502,493
528.0,1604949455.6420455,88.44339463324613,1604949317.0,1604949381.0,1604949446.0,1604949531.25,1604949617.0,528.0,2783.7272727272725,10124.702280227288,0.0,117.75,415.0,1052.75,158932.0,528.0,6771.181818181818,50360.68846982451,0.0,0.0,68.0,1072.25,972882.0,528.0,8.835227272727273,27.554832853974958,0.0,1.0,2.0,6.0,408.0,528.0,9.693181818181818,43.59861546324865,0.0,0.0,1.0,5.0,746.0,180,154,154,150
1231.0,1604351399.0016246,95.33156515253214,1604351246.0,1604351319.0,1604351396.0,1604351477.0,1604351574.0,1231.0,3048.118602761982,7415.50382702931,0.0,61.0,153.0,704.0,72717.0,1231.0,120642.66937449228,342146.4488196181,0.0,0.0,64.0,383.0,1633412.0,1231.0,42.94476035743298,115.84535614169909,0.0,1.0,1.0,4.0,572.0,1231.0,81.1705930138099,227.9859647931347,0.0,0.0,1.0,2.0,1089.0,356,318,283,294
714.0,1604293280.9201682,89.69160540851658,1604293125.0,1604293206.0,1604293278.0,1604293358.75,1604293439.0,714.0,1856.7857142857142,6173.4453591154115,0.0,116.0,201.0,766.0,75534.0,714.0,33571.47198879552,214818.0604806036,0.0,0.0,0.0,304.0,2698360.0,714.0,8.939775910364146,36.39294682147652,0.0,1.0,1.0,4.0,522.0,714.0,26.62044817927171,158.92846901330302,0.0,0.0,0.0,2.0,1990.0,203,169,163,168
1822.0,1604304792.9670691,79.59687704858013,1604304648.0,1604304720.0,1604304801.0,1604304853.75,1604304948.0,1822.0,1083.3880351262349,3859.9174195583028,0.0,60.0,190.0,624.75,94638.0,1822.0,13905.343029637761,156896.4417763278,0.0,40.0,114.5,370.0,4584040.0,1822.0,6.263446761800219,40.85913940212481,0.0,1.0,2.0,4.0,1257.0,1822.0,12.082327113062568,105.81314452658297,0.0,1.0,1.0,4.0,3057.0,524,495,451,449
703.0,1604384604.802276,87.1354801653404,1604384461.0,1604384529.0,1604384605.0,1604384674.5,1604384761.0,703.0,2900.9061166429588,12523.146233312016,0.0,136.0,160.0,348.0,142783.0,703.0,66770.8278805121,351297.960758349,0.0,0.0,0.0,172.0,2750637.0,703.0,18.604551920341393,84.96530266710744,0.0,1.0,1.0,2.0,1015.0,703.0,51.27169274537695,261.59735895962814,0.0,0.0,0.0,1.0,2047.0,216,174,164,168
29771.0,1604265411.822512,83.56884126988024,1604265266.0,1604265341.0,1604265414.0,1604265486.0,1604265561.0,29771.0,506.18470995263846,884.5844624769534,0.0,198.0,295.0,444.0,23027.0,29771.0,962.1554197037385,20311.94550628693,0.0,0.0,0.0,0.0,683423.0,29771.0,1.4807362869906957,2.49058490647732,0.0,1.0,1.0,1.0,95.0,29771.0,0.7536192939437708,14.948292691843339,0.0,0.0,0.0,0.0,506.0,8886,798,2816,790
745.0,1604384918.1838927,84.25597683652266,1604384762.0,1604384852.0,1604384921.0,1604384994.0,1604385062.0,745.0,3042.8456375838928,13143.523931287344,28.0,136.0,160.0,428.0,116815.0,745.0,65045.928859060405,344461.89092995116,0.0,0.0,0.0,174.0,2378743.0,745.0,19.465771812080536,89.26050265890812,1.0,1.0,1.0,3.0,822.0,745.0,50.07248322147651,257.5496457150321,0.0,0.0,0.0,1.0,1795.0,237,166,203,165
839.0,1604195924.7008343,80.79448802514824,1604195752.0,1604195861.0,1604195961.0,1604195983.0,1604196047.0,839.0,1111.632896305125,2084.90725597776,0.0,61.0,318.0,990.0,11346.0,839.0,29757.152562574494,81493.89493852384,0.0,0.0,72.0,2728.0,406992.0,839.0,12.769964243146603,29.792852915482737,0.0,1.0,2.0,5.0,150.0,839.0,22.420738974970202,58.54613340303613,0.0,0.0,1.0,5.0,294.0,257,225,209,200
690.0,1604369887.2768116,90.97475789071132,1604369755.0,1604369808.25,1604369880.5,1604369955.0,1604370070.0,690.0,4436.494202898551,12355.428335370416,0.0,61.0,120.0,1311.0,92675.0,690.0,111647.9188405797,296264.29276206135,0.0,72.0,176.0,35363.0,1870929.0,690.0,63.15652173913043,177.4485885833034,0.0,1.0,2.0,16.0,1209.0,690.0,87.97391304347826,228.40775778803396,0.0,1.0,1.0,29.0,1440.0,194,203,185,196
323.0,1604434821.504644,89.68642306097513,1604434667.0,1604434744.0,1604434821.0,1604434898.5,1604434977.0,323.0,19712.037151702785,26372.88021269012,0.0,982.5,3293.0,31108.5,117147.0,323.0,314003.4922600619,439302.6969407736,0.0,218.0,37292.0,487766.0,2034574.0,323.0,166.4953560371517,232.7016906722439,0.0,3.5,23.0,247.5,1072.0,323.0,233.04953560371516,322.8112403828057,0.0,2.0,30.0,359.5,1499.0,106,106,106,106
1272.0,1604317329.9433963,86.593390980769,1604317188.0,1604317255.75,1604317328.0,1604317404.0,1604317488.0,1272.0,454.23349056603774,620.4633389959517,0.0,157.0,291.0,582.0,7424.0,1272.0,181.45833333333334,845.1386153429104,0.0,0.0,0.0,52.0,8730.0,1272.0,1.6871069182389937,1.5135029666642814,0.0,1.0,1.0,2.0,20.0,1272.0,0.4748427672955975,1.23201298456679,0.0,0.0,0.0,1.0,11.0,398,212,322,205
1757.0,1604290594.9783723,89.96796816129111,1604290440.0,1604290512.0,1604290589.0,1604290675.0,1604290751.0,1757.0,1863.8013659647127,6307.871040501474,0.0,71.0,201.0,980.0,112517.0,1757.0,14958.672737620946,172290.35399943605,0.0,0.0,116.0,814.0,4947474.0,1757.0,7.783153101878201,31.423573820411015,0.0,1.0,2.0,5.0,717.0,1757.0,13.4712578258395,123.94259316340124,0.0,0.0,1.0,4.0,3553.0,502,472,432,439
29301.0,1604266047.7021604,91.30547642779725,1604265885.0,1604265973.0,1604266056.0,1604266123.0,1604266207.0,29301.0,536.8214054127845,944.2413841906687,0.0,200.0,352.0,451.0,46080.0,29301.0,1028.1541244326131,25355.435785132737,0.0,0.0,0.0,0.0,1583091.0,29301.0,1.5524043548001776,2.9887090317084923,0.0,1.0,1.0,1.0,143.0,29301.0,0.8031466502849732,18.612383992377165,0.0,0.0,0.0,0.0,1154.0,8622,797,2967,791
1139.0,1604317632.618964,85.08300831760748,1604317489.0,1604317557.0,1604317632.0,1604317702.5,1604317789.0,1139.0,380.65671641791045,435.39901580816087,0.0,155.0,291.0,582.0,3415.0,1139.0,72.09306409130816,484.8795206066171,0.0,0.0,0.0,0.0,10219.0,1139.0,1.5733099209833188,1.50120883382021,0.0,1.0,1.0,2.0,25.0,1139.0,0.33099209833187004,1.2640131847494374,0.0,0.0,0.0,0.0,24.0,351,182,300,179
1387.0,1604290246.5342467,97.66934501036017,1604290085.0,1604290166.5,1604290241.0,1604290339.0,1604290425.0,1387.0,539.0973323720259,1086.7168839019976,0.0,72.0,168.0,288.5,9459.0,1387.0,1124.4708002883922,8082.008761630098,0.0,0.0,60.0,195.0,193178.0,1387.0,2.809661139149243,5.66563210193951,0.0,1.0,1.0,2.0,102.0,1387.0,2.2422494592646,6.930108941675968,0.0,0.0,1.0,2.0,139.0,402,367,327,330
324.0,1604434512.25,89.00156101876578,1604434358.0,1604434436.0,1604434511.5,1604434589.25,1604434666.0,324.0,16318.592592592593,24647.259999200312,0.0,886.0,3174.5,23294.0,146260.0,324.0,255544.4814814815,415862.7362646252,0.0,117.0,37055.0,419372.5,2175372.0,324.0,135.85493827160494,219.6064604418505,0.0,3.0,22.0,200.0,1348.0,324.0,190.4351851851852,305.8134543329468,0.0,1.0,29.0,310.0,1600.0,112,112,111,112
963.0,1604194422.517134,85.2194090515504,1604194247.0,1604194346.5,1604194441.0,1604194502.0,1604194547.0,963.0,1032.5057113187954,2165.451166234354,0.0,61.0,190.0,938.5,29905.0,963.0,8325.90031152648,55290.27548157002,0.0,0.0,89.0,969.0,973905.0,963.0,5.1526479750778815,22.25454147273804,0.0,1.0,1.0,3.0,489.0,963.0,7.7860851505711315,38.96301265344169,0.0,0.0,1.0,3.0,659.0,270,244,199,215
439.0,1604432891.4350798,94.08159651670911,1604432730.0,1604432812.5,1604432891.0,1604432971.5,1604433057.0,439.0,248.02961275626424,153.7230847736141,0.0,291.0,291.0,291.0,2603.0,439.0,51.945330296127565,407.12630479327487,0.0,0.0,0.0,0.0,5814.0,439.0,1.0387243735763099,0.5197946680334327,0.0,1.0,1.0,1.0,8.0,439.0,0.2847380410022779,0.7268618745301374,0.0,0.0,0.0,0.0,7.0,77,64,19,64
440.0,1604431292.6795454,88.34883510800235,1604431149.0,1604431219.75,1604431293.5,1604431371.0,1604431437.0,440.0,252.4659090909091,283.5065473471354,0.0,80.0,291.0,291.0,3859.0,440.0,172.09545454545454,1060.4588597138375,0.0,0.0,0.0,0.0,13218.0,440.0,1.190909090909091,1.1172326252259837,0.0,1.0,1.0,1.0,11.0,440.0,0.45227272727272727,1.4357918511403993,0.0,0.0,0.0,0.0,12.0,77,65,27,64
1342.0,1604306288.733234,83.52615944886816,1604306153.0,1604306211.0,1604306279.0,1604306357.0,1604306453.0,1342.0,542.3852459016393,2076.081562609453,0.0,67.0,201.0,405.0,64212.0,1342.0,8662.70044709389,216232.36602882092,0.0,0.0,89.0,296.0,7710080.0,1342.0,4.345007451564829,44.74755823890794,0.0,1.0,2.0,4.0,1587.0,1342.0,7.7466467958271235,144.30961375926594,0.0,0.0,1.0,4.0,5142.0,407,386,364,359
256.0,1604178188.4335938,83.10241428015901,1604178040.0,1604178125.75,1604178185.0,1604178266.0,1604178340.0,256.0,11046.08984375,30534.089849109023,32.0,211.0,401.0,1863.5,234380.0,256.0,258401.4140625,563549.1966953527,0.0,0.0,0.0,1141.0,2299530.0,256.0,71.30859375,200.2263290074975,1.0,1.0,2.0,6.0,1551.0,256.0,193.109375,419.38958881436525,0.0,0.0,0.0,7.0,1710.0,77,58,59,58
820.0,1604024833.8085365,99.73792851113494,1604024710.0,1604024726.0,1604024835.5,1604024903.0,1604025031.0,820.0,1119.9658536585366,2250.202116832658,0.0,63.0,115.0,1296.0,25919.0,820.0,10580.298780487805,65507.91604956789,0.0,0.0,72.0,275.0,1436647.0,820.0,5.898780487804878,19.340234930208638,0.0,1.0,1.0,4.0,458.0,820.0,9.079268292682928,44.80114586720557,0.0,0.0,1.0,2.0,961.0,240,180,168,154
1339.0,1604268235.811053,83.01155752017068,1604268078.0,1604268166.0,1604268240.0,1604268305.0,1604268378.0,1339.0,2679.695294996266,21008.267388991226,0.0,201.0,291.0,601.0,444149.0,1339.0,45438.268857356234,433193.61409672844,0.0,0.0,0.0,0.0,7347246.0,1339.0,14.538461538461538,138.22273236996605,0.0,1.0,1.0,2.0,2989.0,1339.0,34.46601941747573,318.94478391996097,0.0,0.0,0.0,0.0,5398.0,392,228,259,228
350.0,1604342300.5657144,84.29189270874406,1604342151.0,1604342232.25,1604342298.0,1604342367.75,1604342451.0,350.0,12742.194285714286,24247.799523049427,0.0,191.0,864.0,14684.0,214940.0,350.0,266071.95714285714,527614.8858742772,0.0,0.0,620.0,238918.0,4211500.0,350.0,92.74,186.40510571976176,0.0,1.0,4.0,96.0,1655.0,350.0,202.36,394.64620055223594,0.0,0.0,3.0,184.0,3136.0,111,108,102,104
751.0,1604291607.6311584,95.96270685978074,1604291457.0,1604291519.0,1604291604.0,1604291692.0,1604291773.0,751.0,3851.0,12335.731378074022,0.0,72.0,201.0,909.5,154157.0,751.0,151394.74567243675,520296.1406197987,0.0,0.0,0.0,444.0,4941476.0,751.0,22.828229027962717,78.74084786220858,0.0,1.0,1.0,4.5,936.0,751.0,115.30226364846871,390.36280626472353,0.0,0.0,0.0,3.0,3703.0,217,193,184,191
261.0,1604179082.4521072,91.41483323797576,1604178943.0,1604179000.0,1604179063.0,1604179174.0,1604179243.0,261.0,8728.942528735632,23000.559653236014,32.0,206.0,400.0,4416.0,186286.0,261.0,337633.9233716475,613526.238496135,0.0,0.0,0.0,12050.0,2098950.0,261.0,57.09578544061303,153.1842104406424,1.0,1.0,1.0,20.0,1238.0,261.0,252.06513409961687,456.72041562527585,0.0,0.0,0.0,17.0,1567.0,81,64,66,64
941.0,1604022688.4112647,93.84308904940785,1604022521.0,1604022603.0,1604022691.0,1604022774.0,1604022843.0,941.0,1783.492029755579,6349.174345148846,0.0,60.0,120.0,1559.0,115248.0,941.0,69898.68969181721,362058.12690222356,0.0,52.0,92.0,534.0,3829472.0,941.0,22.94261424017003,111.53636417401546,0.0,1.0,1.0,4.0,1611.0,941.0,49.33262486716259,242.784307759092,0.0,1.0,1.0,4.0,2565.0,262,269,221,203
1344.0,1604267199.533482,87.20465096052318,1604267055.0,1604267122.0,1604267199.0,1604267277.0,1604267355.0,1344.0,1143.0200892857142,5787.641588801962,0.0,204.0,291.0,533.0,168658.0,1344.0,11180.767113095239,93837.15557732394,0.0,0.0,0.0,0.0,1187981.0,1344.0,4.394345238095238,21.801394837159556,0.0,1.0,1.0,2.0,478.0,1344.0,8.985863095238095,69.94614847737898,0.0,0.0,0.0,0.0,877.0,392,205,234,205
1233.0,1604305111.0997567,84.54681870722281,1604304949.0,1604305032.0,1604305125.0,1604305187.0,1604305249.0,1233.0,665.2530413625304,3215.2667393854886,0.0,66.0,252.0,407.0,92912.0,1233.0,15040.43795620438,195682.27778351968,0.0,0.0,111.0,296.0,4719040.0,1233.0,7.520681265206813,68.17746682484186,0.0,1.0,2.0,4.0,1899.0,1233.0,12.022708840227088,130.50128552183307,0.0,0.0,1.0,4.0,3147.0,355,349,330,329
552.0,1604354343.326087,78.2033194502958,1604354181.0,1604354274.0,1604354346.5,1604354404.0,1604354481.0,552.0,784.9130434782609,2232.2756229987867,0.0,60.0,135.0,218.0,31981.0,552.0,13704.083333333334,63589.5298601088,0.0,52.0,87.0,177.0,1084622.0,552.0,7.744565217391305,28.115040561943534,0.0,1.0,1.0,2.0,428.0,552.0,12.951086956521738,52.879681930461885,0.0,1.0,1.0,2.0,857.0,138,142,103,115
687.0,1604355820.9112082,77.87013169782938,1604355691.0,1604355752.5,1604355824.0,1604355867.0,1604355991.0,687.0,485.63027656477436,1639.5706382106773,0.0,60.0,72.0,160.0,11447.0,687.0,8917.120815138282,38712.095321742236,0.0,0.0,72.0,108.0,220645.0,687.0,4.790393013100437,15.8561231789218,0.0,1.0,1.0,2.0,158.0,687.0,8.87772925764192,34.20112288358406,0.0,0.0,1.0,1.0,195.0,159,159,101,121
1441.0,1604351781.8084664,124.44713607902547,1604351574.0,1604351675.0,1604351780.0,1604351889.0,1604352002.0,1441.0,2752.619708535739,6510.6722706943865,0.0,68.0,190.0,704.0,31320.0,1441.0,105762.51145038167,300218.72115464177,0.0,0.0,72.0,314.0,1546500.0,1441.0,39.46981263011797,106.19138558664807,0.0,1.0,1.0,4.0,522.0,1441.0,71.23664122137404,200.12162674189457,0.0,0.0,1.0,2.0,1031.0,443,403,363,372
288.0,1604367150.9409723,90.9296928793623,1604367013.0,1604367066.25,1604367154.5,1604367238.75,1604367324.0,288.0,3034.8368055555557,4974.33585058945,0.0,61.0,191.5,3780.0,31163.0,288.0,75590.83680555556,142079.22889953887,0.0,40.0,130.0,95133.0,737168.0,288.0,33.60069444444444,60.35259578784822,0.0,1.0,2.0,37.25,338.0,288.0,59.44444444444444,109.42241633006056,0.0,1.0,1.0,74.25,568.0,77,77,66,64
515.0,1604949773.8291261,89.46950182613686,1604949618.0,1604949695.5,1604949771.0,1604949857.5,1604949918.0,515.0,2804.347572815534,6971.76881502008,0.0,136.0,415.0,2296.5,69014.0,515.0,13637.825242718447,105460.43379601648,0.0,0.0,118.0,1605.0,1980702.0,515.0,12.739805825242719,44.275559436175776,0.0,1.0,2.0,8.0,642.0,515.0,16.73398058252427,82.66455767734966,0.0,0.0,1.0,8.0,1459.0,168,144,144,143
1407.0,1604177147.2636817,93.94486736343151,1604176998.0,1604177063.0,1604177143.0,1604177239.0,1604177298.0,1407.0,785.7903340440654,1949.524017326086,0.0,81.0,160.0,443.5,19483.0,1407.0,15100.562189054726,70816.22850536679,0.0,0.0,73.0,160.0,796530.0,1407.0,6.08315565031983,21.7039971603733,0.0,1.0,1.0,2.0,245.0,1407.0,11.149253731343284,47.40291160845494,0.0,0.0,1.0,2.0,533.0,382,343,284,282
669.0,1604319865.7698057,84.97633124211387,1604319717.0,1604319792.0,1604319872.0,1604319940.0,1604320005.0,669.0,1543.7997010463378,10845.691638273487,32.0,156.0,291.0,291.0,258259.0,669.0,16262.506726457399,97593.25396399196,0.0,0.0,0.0,0.0,963910.0,669.0,6.638266068759342,28.829575123116307,1.0,1.0,1.0,1.0,334.0,669.0,13.28101644245142,74.0780779320245,0.0,0.0,0.0,0.0,750.0,200,120,111,120
1880.0,1604266238.563298,85.55800147607384,1604266093.0,1604266164.0,1604266238.0,1604266311.0,1604266393.0,1880.0,1015.1627659574468,3311.794526336019,0.0,122.0,291.0,486.0,57015.0,1880.0,381.22340425531917,3052.5753919884255,0.0,0.0,0.0,108.0,118908.0,1880.0,2.228723404255319,3.5891778183142984,0.0,1.0,1.0,2.0,52.0,1880.0,1.1643617021276595,3.308850215210144,0.0,0.0,0.0,1.0,98.0,527,391,352,365
1915.0,1604385207.0219321,87.35093909954969,1604385075.0,1604385130.5,1604385198.0,1604385288.0,1604385367.0,1915.0,2053.196866840731,10250.505414222875,0.0,61.0,98.0,805.0,186717.0,1915.0,4246.6950391644905,21888.97520897226,0.0,40.0,111.0,761.0,376320.0,1915.0,4.387467362924282,11.898528205936007,0.0,1.0,1.0,3.0,179.0,1915.0,6.1451697127937335,21.09434995963035,0.0,1.0,1.0,3.0,294.0,563,574,423,487
708.0,1604318969.8403955,86.45490820259285,1604318814.0,1604318895.75,1604318979.0,1604319045.0,1604319114.0,708.0,960.2259887005649,4611.405894023737,0.0,157.0,291.0,291.0,51315.0,708.0,10254.634180790961,79561.55161441393,0.0,0.0,0.0,0.0,958000.0,708.0,5.612994350282486,31.129513651170186,0.0,1.0,1.0,1.0,346.0,708.0,8.217514124293785,59.329140925662664,0.0,0.0,0.0,0.0,715.0,209,131,102,131
2112.0,1604264732.0828598,88.41091055104953,1604264588.0,1604264658.0,1604264724.0,1604264812.0,1604264888.0,2112.0,1125.4128787878788,3882.158055046533,0.0,72.0,160.0,525.0,79501.0,2112.0,9828.42803030303,70093.37697114372,0.0,0.0,52.0,135.0,1605975.0,2112.0,4.756155303030303,17.4659907740478,0.0,1.0,1.0,2.0,326.0,2112.0,8.746212121212121,53.29736555968289,0.0,0.0,1.0,1.0,1173.0,564,445,382,388
774.0,1604361043.9689922,85.29608469585442,1604360902.0,1604360975.0,1604361040.0,1604361116.0,1604361202.0,774.0,1382.330749354005,8258.87419299637,0.0,61.0,89.0,304.0,116818.0,774.0,1290.3049095607234,24926.756980924813,0.0,0.0,72.0,201.5,693256.0,774.0,2.5064599483204133,7.117155603281219,0.0,1.0,1.0,2.0,86.0,774.0,2.356589147286822,17.25314083168668,0.0,0.0,1.0,2.0,471.0,236,234,165,191
1728.0,1604383138.0109954,87.45108581047751,1604382991.0,1604383060.0,1604383135.0,1604383213.25,1604383291.0,1728.0,1146.382523148148,2645.8536302354373,0.0,135.0,183.0,947.25,45806.0,1728.0,2528.190972222222,28704.50850925599,0.0,0.0,105.0,903.25,975438.0,1728.0,5.748263888888889,16.433570630106598,0.0,1.0,2.0,5.0,527.0,1728.0,6.297453703703703,24.27147070081429,0.0,0.0,1.0,6.0,766.0,528,478,431,452
623.0,1604118129.6677368,86.54980371627776,1604117986.0,1604118057.5,1604118118.0,1604118204.5,1604118286.0,623.0,602.7239165329053,1675.403162362063,0.0,77.5,324.0,405.0,14293.0,623.0,513.7913322632423,2590.6830409695344,0.0,52.0,296.0,370.0,58101.0,623.0,3.5136436597110756,3.31702081032019,0.0,1.0,4.0,5.0,41.0,623.0,3.171749598715891,3.630130872216193,0.0,1.0,4.0,5.0,61.0,195,200,183,189
670.0,1604119024.7761195,88.86669294490125,1604118889.0,1604118946.0,1604119016.5,1604119101.0,1604119189.0,670.0,500.5492537313433,1388.4404268623246,0.0,79.5,324.0,405.0,15790.0,670.0,1334.8268656716418,16894.8919123302,0.0,52.0,296.0,370.0,415150.0,670.0,3.6940298507462686,7.732666726791471,0.0,1.0,4.0,5.0,182.0,670.0,3.4985074626865673,11.698344682991118,0.0,1.0,4.0,5.0,285.0,213,216,200,206
1616.0,1604381931.2314355,84.24903171879217,1604381778.0,1604381858.0,1604381935.0,1604382005.0,1604382078.0,1616.0,670.5550742574258,3757.127281576746,0.0,52.0,150.0,272.0,124863.0,1616.0,2259.253094059406,17934.879401536822,0.0,0.0,52.0,210.0,499303.0,1616.0,4.033415841584159,10.722396211805684,0.0,1.0,1.0,3.0,228.0,1616.0,4.038985148514851,16.15184418412911,0.0,0.0,1.0,2.0,417.0,459,406,353,352
949.0,1604366937.2507904,86.63762686089545,1604366791.0,1604366863.0,1604366936.0,1604367011.0,1604367091.0,949.0,2179.5374077976817,13772.297763848954,0.0,136.0,154.0,272.0,234984.0,949.0,29616.064278187565,224388.2702147665,0.0,0.0,0.0,106.0,2717730.0,949.0,13.015806111696522,86.60750229942293,0.0,1.0,1.0,2.0,1572.0,949.0,23.43519494204426,167.93779383948106,0.0,0.0,0.0,1.0,2029.0,285,187,194,186
565.0,1604299353.0513275,86.09148514646586,1604299203.0,1604299277.0,1604299352.0,1604299423.0,1604299503.0,565.0,19089.55575221239,48305.809385069,0.0,143.0,524.0,1500.0,240443.0,565.0,237123.46194690265,599331.9186543401,0.0,0.0,0.0,276.0,2830259.0,565.0,127.21238938053098,324.60315245514795,0.0,1.0,1.0,4.0,1566.0,565.0,178.49734513274336,449.15507606070116,0.0,0.0,0.0,2.0,2127.0,176,120,134,119
1200.0,1604355547.3825,82.67010634132201,1604355390.0,1604355488.0,1604355550.0,1604355612.0,1604355690.0,1200.0,1155.8158333333333,2719.810904219547,0.0,72.0,153.0,915.75,29231.0,1200.0,11715.550833333333,42785.212150341016,0.0,0.0,81.0,1121.25,223398.0,1200.0,6.864166666666667,17.607737209730544,0.0,1.0,1.0,4.0,157.0,1200.0,11.7675,37.67104591283334,0.0,0.0,1.0,3.25,197.0,327,300,249,265
34600.0,1604266422.2775722,113.38932896442485,1604266218.0,1604266333.0,1604266426.0,1604266524.0,1604266606.0,34600.0,527.6621387283237,1049.244255741019,0.0,199.0,350.0,451.0,77338.0,34600.0,784.993901734104,16191.45692549159,0.0,0.0,0.0,0.0,623756.0,34600.0,1.5079768786127168,2.4861580928277296,0.0,1.0,1.0,1.0,121.0,34600.0,0.6415028901734104,12.038361280172566,0.0,0.0,0.0,0.0,460.0,10221,1061,3383,1055
756.0,1604194982.2592592,80.78317955851388,1604194849.0,1604194923.0,1604194975.5,1604195045.0,1604195148.0,756.0,567.2473544973545,1235.2103613344382,0.0,41.0,120.0,705.25,18163.0,756.0,1625.9656084656085,24330.864054880876,0.0,0.0,72.0,150.0,657080.0,756.0,2.3306878306878307,9.739067774467237,0.0,1.0,1.0,2.0,257.0,756.0,2.3465608465608465,16.47841056190267,0.0,0.0,1.0,1.0,440.0,213,181,159,142
311.0,1604200970.7009647,88.19313830580991,1604200818.0,1604200894.5,1604200971.0,1604201051.0,1604201118.0,311.0,5798.530546623794,23186.593152458,0.0,233.5,524.0,1210.0,211216.0,311.0,49162.14469453376,215603.5613055749,0.0,0.0,0.0,256.0,2227372.0,311.0,36.437299035369776,157.22821432073718,0.0,1.0,1.0,3.0,1481.0,311.0,38.755627009646304,164.2284151639626,0.0,0.0,0.0,2.0,1681.0,86,67,72,66
694.0,1604354612.8040345,89.04621551423315,1604354486.0,1604354525.0,1604354605.5,1604354692.75,1604354785.0,694.0,958.449567723343,2081.578433080581,0.0,70.0,160.0,600.25,12959.0,694.0,11282.102305475504,49817.5517056178,0.0,52.0,108.0,663.5,600177.0,694.0,7.77521613832853,25.280159897456254,0.0,1.0,1.0,3.0,248.0,694.0,10.806916426512968,40.57028758737456,0.0,1.0,1.0,2.0,411.0,184,178,143,149
604.0,1604950074.7715232,87.4628797850621,1604949919.0,1604950001.0,1604950074.5,1604950155.25,1604950219.0,604.0,738.2284768211921,1392.9450603230098,0.0,89.0,359.0,771.0,16050.0,604.0,521.7301324503311,1386.3766840708622,0.0,0.0,0.0,330.0,17220.0,604.0,3.2003311258278146,4.063500915610689,0.0,1.0,1.0,4.0,34.0,604.0,2.3973509933774833,4.502926220424108,0.0,0.0,0.0,2.25,34.0,197,161,161,159
407.0,1604950965.7886977,85.7843531269171,1604950822.0,1604950895.0,1604950960.0,1604951038.5,1604951122.0,407.0,1776.5577395577395,3963.1684892109556,0.0,270.5,533.0,1630.5,55640.0,407.0,4463.316953316953,39909.24588357117,0.0,0.0,170.0,1377.5,774890.0,407.0,7.216216216216216,19.913295616194784,0.0,1.0,2.0,7.0,341.0,407.0,7.965601965601966,34.07509522148821,0.0,0.0,1.0,7.0,626.0,127,111,116,108
32640.0,1604267733.15481,92.9013879022646,1604267566.0,1604267654.0,1604267727.0,1604267814.0,1604267906.0,32640.0,551.5257352941177,1191.5117061577052,0.0,196.0,353.0,451.0,72296.0,32640.0,531.5850490196078,35300.953073285185,0.0,0.0,0.0,0.0,4957676.0,32640.0,1.6278492647058824,9.682626443743274,0.0,1.0,1.0,1.0,1326.0,32640.0,0.538265931372549,27.513262836472645,0.0,0.0,0.0,0.0,3858.0,9708,1385,3145,1356
1799.0,1604265039.8782656,84.3559000634949,1604264889.0,1604264966.0,1604265038.0,1604265113.0,1604265189.0,1799.0,1436.5108393551973,11161.079473817848,0.0,72.0,160.0,524.5,399779.0,1799.0,4662.9838799332965,40406.209684256755,0.0,0.0,52.0,149.0,840659.0,1799.0,4.530850472484714,19.333154877823482,0.0,1.0,1.0,2.0,347.0,1799.0,4.976653696498055,30.92897079442226,0.0,0.0,1.0,1.0,573.0,475,410,337,352
693.0,1604318659.01443,87.90475218219726,1604318513.0,1604318583.0,1604318657.0,1604318733.0,1604318813.0,693.0,998.4516594516595,4332.500283952527,0.0,160.0,291.0,291.0,39602.0,693.0,10853.0101010101,76498.56684572114,0.0,0.0,0.0,0.0,645374.0,693.0,5.620490620490621,28.98038974776489,0.0,1.0,1.0,1.0,272.0,693.0,8.578643578643579,57.105507310674575,0.0,0.0,0.0,0.0,481.0,202,116,114,115
560.0,1604299052.4803572,86.31885169125093,1604298902.0,1604298981.0,1604299051.5,1604299129.0,1604299202.0,560.0,19252.15,51234.75791763902,0.0,152.0,407.0,1200.0,228175.0,560.0,229886.7,607337.0023610108,0.0,0.0,0.0,166.0,2685030.0,560.0,127.13392857142857,339.95925504401976,0.0,1.0,1.0,3.0,1523.0,560.0,173.08392857142857,455.53174624198425,0.0,0.0,0.0,1.0,2012.0,173,125,134,122
371.0,1604365256.5148249,86.55357142011752,1604365104.0,1604365186.0,1604365248.0,1604365328.0,1604365404.0,371.0,5485.644204851752,19691.040715158768,52.0,97.0,160.0,1103.0,218184.0,371.0,200501.0781671159,745482.6055883329,0.0,0.0,108.0,1125.5,5168185.0,371.0,38.05390835579515,133.65042058995752,1.0,1.0,2.0,5.0,1506.0,371.0,150.64150943396226,546.8159167515631,0.0,0.0,1.0,3.0,3793.0,91,85,68,71
69250.0,1604268262.9192636,203.21243768243943,1604267920.0,1604268092.0,1604268262.0,1604268431.0,1604268647.0,69250.0,543.1605920577617,1068.858077516423,0.0,193.0,333.0,450.0,52667.0,69250.0,550.3489241877256,36415.7751716139,0.0,0.0,0.0,0.0,5442510.0,69250.0,1.5752924187725632,8.20066491645538,0.0,1.0,1.0,1.0,913.0,69250.0,0.5552202166064982,32.914124490989956,0.0,0.0,0.0,0.0,4559.0,20296,2136,7028,2101
679.0,1604361948.209131,82.17953135500082,1604361806.0,1604361876.5,1604361943.0,1604362009.0,1604362106.0,679.0,449.7982326951399,978.5119740803915,0.0,61.0,98.0,304.0,12534.0,679.0,354.1016200294551,1578.8181579250543,0.0,0.0,72.0,145.0,32210.0,679.0,1.5949926362297497,1.450065085998897,0.0,1.0,1.0,2.0,14.0,679.0,1.3490427098674522,2.012599281254155,0.0,0.0,1.0,2.0,26.0,218,208,152,175
2051.0,1604305687.4817162,83.67623453834752,1604305551.0,1604305606.0,1604305680.0,1604305757.0,1604305851.0,2051.0,2150.078010726475,5463.349713094499,0.0,64.0,190.0,727.0,98115.0,2051.0,12562.20867869332,156813.9540951141,0.0,60.0,150.0,385.5,5888230.0,2051.0,12.674305216967333,57.42991672097375,0.0,1.0,2.0,5.0,2179.0,2051.0,20.13164310092638,109.96070796328557,0.0,1.0,1.0,5.0,3929.0,568,555,515,518
2024.0,1604352931.431324,149.50909695134536,1604352665.0,1604352806.0,1604352920.5,1604353051.0,1604353202.0,2024.0,3436.206027667984,7453.932863827725,0.0,76.0,190.0,1741.0,38700.0,2024.0,139699.10227272726,351929.59006769856,0.0,0.0,52.0,609.25,1726500.0,2024.0,50.93922924901186,123.4011449420498,0.0,1.0,1.0,6.0,645.0,2024.0,93.73715415019763,234.5244156065069,0.0,0.0,1.0,3.0,1151.0,588,530,504,491
372.0,1604201272.096774,88.05380792047856,1604201121.0,1604201189.75,1604201279.5,1604201347.25,1604201421.0,372.0,8959.486559139785,32242.85960723878,0.0,250.0,524.0,1300.0,302112.0,372.0,70279.16935483871,248485.97144663928,0.0,0.0,0.0,325.75,1860891.0,372.0,60.18010752688172,229.27755359902784,0.0,1.0,1.0,4.0,2174.0,372.0,54.42204301075269,188.92184338774194,0.0,0.0,0.0,2.25,1445.0,114,84,84,83
1496.0,1604177440.6824865,86.39771217842029,1604177299.0,1604177361.0,1604177438.0,1604177518.0,1604177599.0,1496.0,1078.4371657754011,3339.1708085027617,0.0,104.0,202.0,835.75,92325.0,1496.0,15718.730614973261,76452.37318384892,0.0,0.0,52.0,148.0,820727.0,1496.0,6.908422459893048,26.048686778048353,0.0,1.0,1.0,2.0,319.0,1496.0,11.427139037433156,51.23694096223216,0.0,0.0,1.0,2.0,551.0,414,329,301,292
2269.0,1604265931.4724548,88.10227224133395,1604265792.0,1604265855.0,1604265927.0,1604266008.0,1604266092.0,2269.0,981.7695019832526,3488.9609383957786,0.0,90.0,291.0,483.0,99219.0,2269.0,830.677831643896,7227.137682071469,0.0,0.0,0.0,109.0,232751.0,2269.0,2.614808285588365,5.973904984102458,0.0,1.0,1.0,2.0,121.0,2269.0,1.6879682679594534,6.743050558535781,0.0,0.0,0.0,1.0,162.0,629,490,419,443
442.0,1604364941.8597286,81.5335066435576,1604364802.0,1604364876.0,1604364938.0,1604365008.0,1604365102.0,442.0,4328.407239819005,17348.937608458047,32.0,106.0,160.0,269.0,214263.0,442.0,187557.42307692306,744520.1775634645,0.0,0.0,108.0,141.0,5152024.0,442.0,29.493212669683256,113.75336809085508,1.0,1.0,1.0,2.0,1427.0,442.0,140.69683257918552,546.8043492113752,0.0,0.0,1.0,1.0,3784.0,118,99,80,91
1237.0,1604357518.545675,87.37820311577781,1604357375.0,1604357441.0,1604357520.0,1604357591.0,1604357675.0,1237.0,494.79870654810026,1989.851681890053,0.0,136.0,150.0,215.0,23617.0,1237.0,21935.75909458367,185400.75563152175,0.0,0.0,0.0,124.0,1909117.0,1237.0,4.665319320937753,25.036566174137615,0.0,1.0,1.0,2.0,309.0,1237.0,18.10751818916734,144.83838415398463,0.0,0.0,0.0,1.0,1493.0,333,257,236,252
786.0,1604362271.4287531,91.70122150606598,1604362107.0,1604362197.0,1604362272.5,1604362361.75,1604362407.0,786.0,521.0547073791348,1255.4150178594273,0.0,61.0,94.0,304.0,14103.0,786.0,3657.5267175572517,58450.11524913244,0.0,0.0,87.5,300.75,1612260.0,786.0,2.16412213740458,5.273153765029936,0.0,1.0,1.0,2.0,125.0,786.0,3.8256997455470736,39.37727238801495,0.0,0.0,1.0,2.0,1084.0,254,234,172,199
1211.0,1604119323.8447564,75.41017761397445,1604119190.0,1604119278.0,1604119299.0,1604119379.0,1604119490.0,1211.0,1299.6589595375722,4592.79507976922,0.0,64.0,212.0,567.0,80852.0,1211.0,12444.4921552436,90763.7995110473,0.0,60.0,244.0,623.0,2123543.0,1211.0,7.8298926507018995,27.732770809374962,0.0,1.0,3.0,5.0,471.0,1211.0,11.403798513625103,63.28672482660476,0.0,1.0,2.0,5.0,1498.0,354,364,317,330
1610.0,1604381621.8192546,83.47946980469284,1604381477.0,1604381547.25,1604381623.0,1604381688.0,1604381777.0,1610.0,659.5931677018633,1939.0090618738966,0.0,52.0,158.0,368.0,48141.0,1610.0,2525.695652173913,25863.350488750846,0.0,10.0,98.0,398.0,922364.0,1610.0,4.190683229813665,11.46476918260779,0.0,1.0,2.0,3.0,288.0,1610.0,4.303105590062112,20.263645809653536,0.0,0.25,1.0,3.0,679.0,478,427,403,375
800.0,1604117838.8975,87.30363336797062,1604117685.0,1604117759.75,1604117853.0,1604117911.0,1604117985.0,800.0,2041.66,18957.156873138854,0.0,75.0,324.0,405.0,441453.0,800.0,1003.05375,4127.607463783321,0.0,52.0,292.0,370.0,76234.0,800.0,4.73125,13.469811365058861,0.0,1.0,4.0,5.0,301.0,800.0,3.74375,7.471302522936524,0.0,1.0,3.0,5.0,152.0,231,239,223,227
222.0,1604368405.8423424,92.18738250504309,1604368274.0,1604368318.25,1604368398.0,1604368488.75,1604368587.0,222.0,8215.193693693695,17497.8575876272,0.0,61.0,120.0,2288.75,78861.0,222.0,174733.20720720722,366020.3952648651,0.0,72.0,144.0,5395.5,1197010.0,222.0,97.44144144144144,208.379035287224,0.0,1.0,1.0,11.75,830.0,222.0,138.57657657657657,285.7460838335959,0.0,1.0,1.0,12.75,937.0,61,63,53,57
2154.0,1604351529.6318476,174.81989279400997,1604351246.0,1604351376.0,1604351524.0,1604351682.0,1604351840.0,2154.0,2937.257660167131,7107.619436352794,0.0,61.0,160.0,704.0,72717.0,2154.0,115331.3983286908,329050.1993081364,0.0,0.0,72.0,436.5,1633412.0,2154.0,41.671773444753946,112.8640920383122,0.0,1.0,1.0,4.0,572.0,2154.0,77.6402042711235,219.29472959766153,0.0,0.0,1.0,2.0,1089.0,646,576,516,533
933.0,1604383701.9464095,81.84156761296275,1604383558.0,1604383630.0,1604383701.0,1604383767.0,1604383858.0,933.0,4697.176848874598,21836.08383007677,0.0,64.0,160.0,478.0,251511.0,933.0,67253.99249732048,412047.2478942979,0.0,0.0,0.0,307.0,5533882.0,933.0,28.705251875669884,139.26903728778476,0.0,1.0,1.0,3.0,1656.0,933.0,53.78670953912111,308.6031879847188,0.0,0.0,0.0,2.0,4136.0,302,253,274,242
1457.0,1604288131.0988333,88.64236147161402,1604287981.0,1604288055.0,1604288121.0,1604288197.0,1604288299.0,1457.0,653.0981468771448,1962.4582845298594,0.0,61.0,156.0,272.0,35816.0,1457.0,4648.712422786548,51704.62997003547,0.0,0.0,63.0,245.0,1094360.0,1457.0,3.94646533973919,16.82655998957504,0.0,1.0,1.0,2.0,363.0,1457.0,5.184625943719973,39.03271852080512,0.0,0.0,1.0,2.0,776.0,410,387,344,343
1144.0,1604114639.972028,86.20884073722218,1604114497.0,1604114564.0,1604114636.0,1604114714.0,1604114797.0,1144.0,1091.3741258741259,2570.4182440113213,0.0,88.75,165.5,919.0,27478.0,1144.0,18013.4256993007,79245.72856288531,0.0,0.0,54.0,112.75,828604.0,1144.0,7.95979020979021,29.11497331867275,0.0,1.0,1.0,2.0,350.0,1144.0,12.90034965034965,53.126474163974734,0.0,0.0,1.0,1.0,555.0,303,255,224,214
888.0,1604352130.46509,75.44411101621353,1604352003.0,1604352063.0,1604352130.0,1604352194.0,1604352262.0,888.0,4035.938063063063,7813.567237703992,0.0,72.0,191.5,2648.25,36876.0,888.0,167949.52815315317,367199.77380149264,0.0,0.0,96.0,7403.25,1660500.0,888.0,61.109234234234236,129.6320975929876,0.0,1.0,1.0,13.5,590.0,888.0,112.69369369369369,244.71210032580603,0.0,0.0,1.0,11.25,1107.0,274,257,232,234
1286.0,1604316426.9385693,88.86699783965418,1604316285.0,1604316346.0,1604316425.5,1604316504.75,1604316585.0,1286.0,550.4704510108864,844.545666257696,0.0,156.0,291.0,582.0,9310.0,1286.0,330.5,1473.478403322684,0.0,0.0,0.0,64.0,26371.0,1286.0,2.1423017107309485,2.8233267882513426,0.0,1.0,1.0,2.0,32.0,1286.0,0.8328149300155521,2.485296091302301,0.0,0.0,0.0,1.0,29.0,400,224,342,212
29867.0,1604267370.8919878,104.29302922843037,1604267199.0,1604267277.0,1604267366.0,1604267457.0,1604267558.0,29867.0,524.790404124954,991.0098414869984,0.0,198.0,339.0,447.0,64109.0,29867.0,208.95352730438276,26996.600122513435,0.0,0.0,0.0,0.0,4638795.0,29867.0,1.4278300465396592,6.676090654084792,0.0,1.0,1.0,1.0,1092.0,29867.0,0.21672749188067097,20.96914766471745,0.0,0.0,0.0,0.0,3601.0,8742,851,2815,836
1142.0,1604114956.4991243,85.23312105476514,1604114798.0,1604114880.0,1604114971.0,1604115031.0,1604115098.0,1142.0,927.1313485113835,2813.242479780556,0.0,81.0,160.0,474.0,55732.0,1142.0,21386.261821366024,85812.11337957217,0.0,0.0,73.0,131.0,690510.0,1142.0,7.1234676007005255,26.049093929317213,0.0,1.0,1.0,2.0,263.0,1142.0,15.220665499124344,57.408925642843336,0.0,0.0,1.0,1.0,461.0,316,266,222,202
1122.0,1604269132.822638,82.69081792620771,1604268981.0,1604269070.0,1604269131.5,1604269201.0,1604269281.0,1122.0,1432.6042780748662,3451.7546177837025,0.0,247.0,291.0,1164.75,44862.0,1122.0,20496.22192513369,115658.83553451156,0.0,0.0,0.0,0.0,2341397.0,1122.0,5.975935828877005,19.10369726318565,0.0,1.0,1.0,3.0,249.0,1122.0,16.3048128342246,85.7244187063592,0.0,0.0,0.0,0.0,1717.0,347,238,256,238
416.0,1604200662.6899037,87.32179784996268,1604200517.0,1604200587.0,1604200664.5,1604200735.0,1604200817.0,416.0,5596.108173076923,21629.713357398214,0.0,234.0,524.0,1205.0,297770.0,416.0,64324.67067307692,298469.9454797164,0.0,0.0,73.0,746.5,3992996.0,416.0,38.68990384615385,163.21319487761815,0.0,1.0,2.0,5.0,2292.0,416.0,50.875,225.38267056890396,0.0,0.0,1.0,5.0,3004.0,137,102,106,97
440.0,1604431594.9477272,92.27745867647648,1604431437.0,1604431514.0,1604431597.5,1604431680.25,1604431736.0,440.0,288.01363636363635,321.43803420940253,0.0,202.0,291.0,291.0,2955.0,440.0,1205.1818181818182,16574.032498069057,0.0,0.0,0.0,0.0,322385.0,440.0,1.393181818181818,2.624997904524404,0.0,1.0,1.0,1.0,44.0,440.0,1.2204545454545455,11.64388211385277,0.0,0.0,0.0,0.0,225.0,75,66,23,63
440.0,1604432563.1727273,96.02043813294141,1604432399.0,1604432477.0,1604432562.5,1604432645.0,1604432729.0,440.0,257.96363636363634,187.5013464989276,0.0,291.0,291.0,291.0,2953.0,440.0,74.50454545454545,599.6284612583418,0.0,0.0,0.0,0.0,7655.0,440.0,1.0636363636363637,0.6299621817086336,0.0,1.0,1.0,1.0,9.0,440.0,0.3090909090909091,0.869586915734932,0.0,0.0,0.0,0.0,9.0,77,59,16,59
3364.0,1604384523.7425683,95.13880349823883,1604384336.0,1604384448.0,1604384517.0,1604384600.0,1604384712.0,3364.0,856.0258620689655,2170.2891860259792,0.0,60.0,96.0,695.25,33492.0,3364.0,2544.071938168847,15984.86530180347,0.0,40.0,131.0,447.0,573777.0,3364.0,2.9690844233055884,4.755477452202006,0.0,1.0,1.0,3.0,93.0,3364.0,3.98692033293698,13.439387443192858,0.0,1.0,1.0,3.0,425.0,964,979,725,802
491.0,1604343514.1873727,86.7193074765117,1604343355.0,1604343445.0,1604343517.0,1604343597.5,1604343655.0,491.0,8221.955193482689,16827.01143503274,0.0,96.0,233.0,3005.0,71668.0,491.0,177271.50305498982,408017.39982581337,0.0,0.0,106.0,2248.0,1708986.0,491.0,59.13034623217923,126.49423361739214,0.0,1.0,1.0,8.5,473.0,491.0,134.73930753564156,305.62884196947255,0.0,0.0,1.0,9.0,1279.0,152,136,131,135
348.0,1604368949.4856322,91.18127949075034,1604368805.0,1604368866.0,1604368952.0,1604369031.25,1604369112.0,348.0,9232.847701149425,14907.712968873831,0.0,61.0,823.0,15417.0,73322.0,348.0,174190.69252873564,290308.8181824192,0.0,72.0,376.5,232275.0,1229083.0,348.0,106.17241379310344,176.36289917413976,0.0,1.0,2.0,177.0,817.0,348.0,138.66666666666666,228.2333942012572,0.0,1.0,3.0,183.25,968.0,100,111,100,102
261.0,1604179411.961686,89.42021834828418,1604179244.0,1604179336.0,1604179416.0,1604179493.0,1604179544.0,261.0,9117.72030651341,24525.798342575967,0.0,215.0,401.0,5524.0,195326.0,261.0,329872.908045977,612327.3238548832,0.0,0.0,106.0,5232.0,2193479.0,261.0,59.26819923371647,163.39651189730571,0.0,1.0,2.0,19.0,1294.0,261.0,246.3065134099617,455.5158761014688,0.0,0.0,1.0,19.0,1633.0,81,64,61,63
1409.0,1604266894.1632364,87.70677862509542,1604266754.0,1604266814.0,1604266887.0,1604266975.0,1604267054.0,1409.0,1596.9105748757984,7112.898347445159,0.0,252.0,298.0,850.0,137361.0,1409.0,22176.021291696237,215995.29768778465,0.0,0.0,0.0,0.0,5111412.0,1409.0,6.658623136976579,44.31513886334929,0.0,1.0,1.0,2.0,893.0,1409.0,17.194464158977997,159.19140208485388,0.0,0.0,0.0,0.0,3764.0,410,251,297,250
1024.0,1604025688.149414,91.07339772333287,1604025520.0,1604025613.0,1604025693.0,1604025768.0,1604025839.0,1024.0,2048.0126953125,8568.674243552345,0.0,61.0,152.0,1738.0,246138.0,1024.0,39390.7490234375,157185.2761754489,0.0,52.0,109.5,3119.75,1417294.0,1024.0,12.17578125,34.38696983457127,0.0,1.0,2.0,7.0,338.0,1024.0,30.1806640625,109.21210575816845,0.0,1.0,1.0,7.0,957.0,282,278,246,232
457.0,1604177878.0919037,78.36797675580064,1604177739.0,1604177827.0,1604177879.0,1604177937.0,1604178035.0,457.0,13571.277899343544,41802.11379696117,0.0,179.0,403.0,1315.0,483363.0,457.0,187449.23851203502,499944.26081324037,0.0,0.0,0.0,166.0,2345802.0,457.0,75.89715536105032,221.919982054056,0.0,1.0,1.0,5.0,1443.0,457.0,141.4070021881838,374.45364379902816,0.0,0.0,0.0,1.0,1896.0,138,92,93,90
1162.0,1604268542.2401032,87.60437855163859,1604268379.0,1604268469.0,1604268555.0,1604268618.0,1604268679.0,1162.0,1735.8898450946645,7275.001681741191,0.0,204.0,291.0,872.25,148063.0,1162.0,15681.838209982789,118437.5402806737,0.0,0.0,0.0,0.0,2474287.0,1162.0,7.425989672977625,39.15984750260281,0.0,1.0,1.0,3.0,901.0,1162.0,13.22461273666093,89.4676204237363,0.0,0.0,0.0,0.0,1830.0,339,245,258,245
391.0,1604343203.3503835,87.4298399662216,1604343054.0,1604343124.0,1604343212.0,1604343274.5,1604343354.0,391.0,12420.60358056266,21889.335843759865,0.0,107.0,501.0,11286.0,108307.0,391.0,273641.06649616366,520014.0042555321,0.0,0.0,276.0,54189.5,2404665.0,391.0,91.8388746803069,165.75232410564487,0.0,1.0,3.0,81.5,843.0,391.0,207.83631713554988,390.04259308602946,0.0,0.0,2.0,54.5,1818.0,123,125,113,121
1323.0,1604022075.1670446,98.380432982918,1604021942.0,1604021985.0,1604022074.0,1604022163.0,1604022280.0,1323.0,1752.7981859410431,5804.734507782105,0.0,70.0,157.0,1656.0,157743.0,1323.0,32673.655328798184,170671.9114840991,0.0,0.0,113.0,1302.5,2164997.0,1323.0,12.957671957671957,50.94611396080908,0.0,1.0,2.0,6.0,619.0,1323.0,24.769463340891914,114.83141852086956,0.0,0.0,1.0,5.0,1446.0,398,342,334,311
739.0,1604293603.052774,84.83998122572294,1604293449.0,1604293537.0,1604293594.0,1604293673.0,1604293759.0,739.0,2060.1569688768604,5558.194120682219,0.0,116.0,201.0,1131.0,52327.0,739.0,30555.749661705006,171350.32370192476,0.0,0.0,0.0,531.0,1556369.0,739.0,8.799729364005414,28.465315745107628,0.0,1.0,1.0,6.0,342.0,739.0,25.216508795669824,128.2605609242686,0.0,0.0,0.0,3.0,1164.0,224,179,181,177
1676.0,1604381317.0155132,84.72695952084426,1604381176.0,1604381247.0,1604381325.0,1604381385.25,1604381476.0,1676.0,936.8430787589499,7433.316779695437,0.0,79.0,154.0,272.0,260053.0,1676.0,13694.262529832935,323770.7300554048,0.0,0.0,98.0,204.25,12885628.0,1676.0,6.9964200477326965,63.95206217029202,0.0,1.0,2.0,2.0,2417.0,1676.0,11.921837708830548,216.18638277182086,0.0,0.0,1.0,2.0,8596.0,528,494,401,402
541.0,1604298151.6173751,89.02132283764719,1604297999.0,1604298070.0,1604298150.0,1604298236.0,1604298299.0,541.0,8449.430683918668,31245.12960336112,0.0,126.0,404.0,1008.0,202426.0,541.0,101137.3696857671,403588.40219062404,0.0,0.0,0.0,272.0,2534113.0,541.0,54.33271719038817,209.77254044297467,0.0,1.0,1.0,3.0,1346.0,541.0,77.11829944547135,300.684455093509,0.0,0.0,0.0,2.0,1886.0,155,128,127,119
167.0,1604353182.3113773,13.85158169891247,1604353159.0,1604353171.0,1604353184.0,1604353194.5,1604353202.0,167.0,2405.0958083832334,5309.109336091381,0.0,96.0,190.0,1349.5,25080.0,167.0,93965.1736526946,260433.1544656234,0.0,0.0,40.0,164.0,1216500.0,167.0,32.84431137724551,86.8101359947128,0.0,1.0,1.0,5.0,418.0,167.0,63.19760479041916,173.44893486636497,0.0,0.0,1.0,2.0,811.0,46,42,42,40
344.0,1604202180.7587209,85.96787273384483,1604202027.0,1604202110.0,1604202191.0,1604202254.25,1604202318.0,344.0,7844.020348837209,34101.23317610058,0.0,265.25,524.0,1173.75,415614.0,344.0,51294.729651162794,256040.3774219799,0.0,0.0,0.0,141.0,3660049.0,344.0,48.575581395348834,232.58973023113094,0.0,1.0,1.0,4.0,3005.0,344.0,40.395348837209305,194.49603136663373,0.0,0.0,0.0,1.0,2755.0,102,66,70,65
1457.0,1604177751.7343857,88.73167744340059,1604177600.0,1604177675.0,1604177750.0,1604177832.0,1604177900.0,1457.0,1026.824982841455,2097.8206359420265,0.0,94.0,212.0,1182.0,19692.0,1457.0,15987.949897048731,70103.92834792697,0.0,0.0,52.0,160.0,716614.0,1457.0,6.673987645847632,22.178412186707146,0.0,1.0,2.0,3.0,220.0,1457.0,11.600549073438572,46.986711351768314,0.0,0.0,1.0,2.0,480.0,412,327,314,294
2699.0,1604265641.8151166,83.61323014165635,1604265491.0,1604265565.5,1604265646.0,1604265714.0,1604265791.0,2699.0,715.7869581326418,4234.176170874012,0.0,81.0,204.0,483.0,197830.0,2699.0,2118.06854390515,32893.05312515162,0.0,0.0,0.0,104.0,1220939.0,2699.0,2.486476472767692,6.190641218168801,0.0,1.0,1.0,2.0,151.0,2699.0,2.4186735828084474,25.075356397513747,0.0,0.0,0.0,1.0,935.0,707,537,444,485
420.0,1604364657.947619,81.18162035570387,1604364501.0,1604364592.5,1604364667.0,1604364722.25,1604364799.0,420.0,4181.869047619048,16460.755178884807,0.0,120.0,160.0,395.5,197749.0,420.0,172750.82142857142,646804.04972029,0.0,0.0,108.0,264.0,4457513.0,420.0,28.204761904761906,108.6459335613539,0.0,1.0,1.0,2.0,1330.0,420.0,129.95,474.87718786659633,0.0,0.0,1.0,2.0,3269.0,117,98,82,87
1157.0,1604362536.571305,81.8077508750008,1604362408.0,1604362474.0,1604362503.0,1604362606.0,1604362708.0,1157.0,428.7977528089888,2143.45761338442,0.0,60.0,98.0,304.0,69185.0,1157.0,406.2584269662921,2559.540213990225,0.0,0.0,0.0,107.0,61115.0,1157.0,2.0060501296456352,3.2367587124905084,0.0,1.0,1.0,2.0,60.0,1157.0,1.202247191011236,3.060332512027498,0.0,0.0,0.0,1.0,45.0,319,256,200,225
1198.0,1604357821.0200334,88.76992648951966,1604357676.0,1604357744.25,1604357814.0,1604357897.75,1604357976.0,1198.0,589.5792988313857,2206.3807369831175,0.0,136.0,158.0,257.25,20521.0,1198.0,27898.070951585978,206523.40792560097,0.0,0.0,0.0,124.0,1903612.0,1198.0,5.442404006677796,26.84074643279728,0.0,1.0,1.0,2.0,266.0,1198.0,22.660267111853088,161.36029603583046,0.0,0.0,0.0,1.0,1488.0,357,229,243,218
34469.0,1604269733.7347763,95.01370315284314,1604269568.0,1604269651.0,1604269730.0,1604269812.0,1604269905.0,34469.0,555.1257361687314,958.4410320001072,0.0,196.0,356.0,455.0,26818.0,34469.0,85.65864980127071,2356.0311071022247,0.0,0.0,0.0,0.0,225398.0,34469.0,1.5194812730279381,1.997736972005023,0.0,1.0,1.0,1.0,145.0,34469.0,0.14668252632800488,2.1063213623869683,0.0,0.0,0.0,0.0,193.0,10159,1100,3717,1088
41476.0,1604264716.1713762,100.71055402871798,1604264543.0,1604264630.0,1604264716.0,1604264798.0,1604264897.0,41476.0,546.640973092873,1066.4861833301404,0.0,198.0,319.0,454.0,109178.0,41476.0,1413.401147651654,42175.43311656959,0.0,0.0,0.0,0.0,2225671.0,41476.0,1.6084000385765262,3.949041386267866,0.0,1.0,1.0,2.0,177.0,41476.0,1.0756582119780114,30.7950461343031,0.0,0.0,0.0,0.0,1623.0,12303,999,4555,992
2458.0,1604265323.534581,84.28460120962563,1604265190.0,1604265250.0,1604265303.0,1604265398.0,1604265490.0,2458.0,1043.0545158665582,5554.53461131985,0.0,72.0,160.0,486.0,140522.0,2458.0,3539.5581773799836,36679.17676625127,0.0,0.0,52.0,135.0,843030.0,2458.0,3.0390561432058583,8.04960836280655,0.0,1.0,1.0,2.0,176.0,2458.0,3.8006509357200975,28.265532026770437,0.0,0.0,1.0,1.0,625.0,644,539,459,455
937.0,1604318338.959445,85.83429461069596,1604318212.0,1604318265.0,1604318331.0,1604318406.0,1604318512.0,937.0,1555.093916755603,6937.2552382891745,0.0,167.0,291.0,582.0,97700.0,937.0,16740.909284951973,110134.03281252611,0.0,0.0,0.0,0.0,2042036.0,937.0,7.862326574172892,38.54206327069766,0.0,1.0,1.0,2.0,498.0,937.0,13.542155816435432,84.67872027593398,0.0,0.0,0.0,0.0,1568.0,294,177,234,176
420.0,1604365546.4166667,85.2646600379794,1604365405.0,1604365478.75,1604365544.0,1604365618.0,1604365704.0,420.0,4451.483333333334,17440.798839355157,0.0,106.0,160.0,256.25,219076.0,420.0,199666.62619047618,774942.6955208473,0.0,0.0,108.0,138.0,5434761.0,420.0,30.604761904761904,116.02608947081995,0.0,1.0,1.0,2.0,1496.0,420.0,149.56190476190477,568.6769710054842,0.0,0.0,1.0,1.0,3988.0,110,92,71,83
935.0,1604361635.935829,82.89087631692283,1604361504.0,1604361564.0,1604361630.0,1604361704.5,1604361804.0,935.0,584.7946524064171,1542.5763317812857,0.0,60.0,87.0,304.0,18012.0,935.0,4854.883422459893,53899.938250773586,0.0,0.0,84.0,241.0,1098046.0,935.0,2.2737967914438504,4.6419911022481735,0.0,1.0,1.0,2.0,60.0,935.0,4.81283422459893,37.913462915224436,0.0,0.0,1.0,2.0,755.0,274,287,196,233
1506.0,1604178056.5126162,88.29312498977468,1604177901.0,1604177981.0,1604178056.5,1604178137.0,1604178201.0,1506.0,969.554448871182,2529.8416609067162,0.0,90.0,202.0,936.0,55650.0,1506.0,13954.543160690571,72993.29412253936,0.0,0.0,64.0,137.5,760120.0,1506.0,5.818061088977424,22.735429765095088,0.0,1.0,2.0,2.0,307.0,1506.0,10.254316069057104,48.88909135772968,0.0,0.0,1.0,1.0,508.0,402,348,294,309
437.0,1604950672.2929063,88.3017204006189,1604950521.0,1604950595.0,1604950676.0,1604950743.0,1604950821.0,437.0,813.9656750572083,1165.3663857513993,0.0,164.0,415.0,771.0,8376.0,437.0,618.0045766590389,1598.0845673438794,0.0,0.0,106.0,492.0,19527.0,437.0,3.411899313501144,3.5107495878712305,0.0,1.0,2.0,5.0,20.0,437.0,2.5812356979405036,4.143184447816789,0.0,0.0,1.0,3.0,24.0,140,118,125,117
25560.0,1604270077.7396321,101.23613779180394,1604269914.0,1604269988.0,1604270073.0,1604270167.0,1604270249.0,25560.0,554.1971439749609,1145.6607668293266,0.0,188.0,350.0,449.0,102378.0,25560.0,21.35172143974961,346.49053193586167,0.0,0.0,0.0,0.0,22349.0,25560.0,1.3882237871674492,1.2638319626046974,0.0,1.0,1.0,1.0,78.0,25560.0,0.06709702660406885,0.5758663685193167,0.0,0.0,0.0,0.0,34.0,7498,733,2456,730
691.0,1604297836.9623733,84.70283110190495,1604297698.0,1604297766.0,1604297830.0,1604297906.0,1604297998.0,691.0,21280.357452966717,58788.25834337504,0.0,126.5,524.0,1552.0,663151.0,691.0,383447.87120115774,1035456.5611015845,0.0,0.0,0.0,711.0,8677491.0,691.0,156.18813314037627,434.2272822734275,0.0,1.0,1.0,6.0,4650.0,691.0,287.73661360347324,771.5641557700101,0.0,0.0,0.0,5.0,6471.0,216,176,183,173
588.0,1604950361.8214285,85.34761318666783,1604950220.0,1604950284.0,1604950361.0,1604950433.25,1604950520.0,588.0,851.515306122449,1989.3135602493394,0.0,89.0,252.0,771.0,33163.0,588.0,650.3809523809524,2187.927703689055,0.0,0.0,0.0,349.0,33887.0,588.0,3.314625850340136,4.693101649929477,0.0,1.0,1.0,4.0,48.0,588.0,2.413265306122449,5.0135381506572765,0.0,0.0,0.0,2.0,45.0,189,147,149,144
797.0,1604354940.859473,77.04978046413422,1604354788.0,1604354896.0,1604354934.0,1604355007.0,1604355087.0,797.0,2006.2559598494354,8505.15329595346,0.0,60.0,75.0,238.0,108591.0,797.0,10359.421580928481,39945.55965424546,0.0,52.0,72.0,228.0,300123.0,797.0,7.202007528230865,19.3731694479046,0.0,1.0,1.0,2.0,179.0,797.0,10.777917189460476,34.55793495741264,0.0,1.0,1.0,2.0,238.0,200,189,141,150
2585.0,1604384881.4889748,98.17451041523984,1604384732.0,1604384791.0,1604384883.0,1604384970.0,1604385066.0,2585.0,1010.61083172147,2458.2122769381513,0.0,60.0,96.0,814.0,36907.0,2585.0,2067.5249516441004,12275.911231218179,0.0,52.0,136.0,512.0,249277.0,2585.0,3.086266924564797,5.272884756149496,0.0,1.0,1.0,3.0,103.0,2585.0,4.005029013539652,12.22003719571094,0.0,1.0,1.0,3.0,226.0,760,770,571,642
541.0,1604355219.384473,88.3642716215824,1604355089.0,1604355135.0,1604355220.0,1604355286.0,1604355389.0,541.0,553.4140480591498,1545.5211534152904,0.0,63.0,135.0,198.0,11303.0,541.0,11340.329020332718,45720.380001366,0.0,0.0,72.0,135.0,242303.0,541.0,5.8909426987061,19.27099939840644,0.0,1.0,1.0,2.0,156.0,541.0,11.083179297597043,40.24607772312199,0.0,0.0,1.0,2.0,210.0,127,128,93,107
766.0,1604292493.772846,100.62566672662372,1604292320.0,1604292401.25,1604292499.5,1604292590.75,1604292655.0,766.0,2983.5678851174935,10150.079048854719,0.0,116.5,201.0,864.25,145031.0,766.0,40512.44647519582,201059.01761282637,0.0,0.0,0.0,549.0,3893021.0,766.0,15.406005221932116,59.22599601875056,0.0,1.0,1.0,6.0,932.0,766.0,32.68798955613577,151.22223800528127,0.0,0.0,0.0,3.0,2921.0,217,179,180,179
1029.0,1604268827.2206025,87.6468579881841,1604268680.0,1604268750.0,1604268826.0,1604268907.0,1604268980.0,1029.0,1992.2682215743441,6000.093443822502,0.0,275.0,291.0,1128.0,96209.0,1029.0,36236.267249757046,148594.61425980035,0.0,0.0,0.0,138.0,1336289.0,1029.0,9.373177842565598,32.15382379951718,0.0,1.0,1.0,3.0,501.0,1029.0,28.108843537414966,110.43404729990962,0.0,0.0,0.0,1.0,986.0,311,228,236,228
397.0,1604342902.836272,87.7938407805272,1604342753.0,1604342828.0,1604342898.0,1604342983.0,1604343053.0,397.0,9984.214105793451,18770.523568412413,0.0,89.0,496.0,3912.0,71882.0,397.0,226024.1813602015,470547.7250065989,0.0,0.0,170.0,2372.0,1709318.0,397.0,73.79093198992443,144.1641499811437,0.0,1.0,2.0,10.0,543.0,397.0,171.85390428211588,352.43782146086716,0.0,0.0,1.0,11.0,1292.0,132,120,122,120
480.0,1604343804.9604166,84.01496347382877,1604343657.0,1604343736.75,1604343801.0,1604343873.0,1604343954.0,480.0,8999.054166666667,19084.09462234117,0.0,89.0,376.0,3788.0,146117.0,480.0,183149.54375,437437.85371547437,0.0,0.0,128.0,2933.5,2975353.0,480.0,62.37916666666667,141.1877515702358,0.0,1.0,2.0,10.0,1068.0,480.0,139.97916666666666,328.47666937060796,0.0,0.0,1.0,10.0,2258.0,149,129,133,127
1169.0,1604194693.5970914,80.91399559603082,1604194548.0,1604194622.0,1604194696.0,1604194750.0,1604194848.0,1169.0,935.3413173652694,2075.732884440229,0.0,63.0,190.0,922.0,21587.0,1169.0,4907.043627031651,38003.58352619966,0.0,40.0,111.0,494.0,851832.0,1169.0,4.721984602224123,23.1650688588671,0.0,1.0,1.0,3.0,439.0,1169.0,5.8237810094097515,33.70469687615732,0.0,1.0,1.0,3.0,765.0,344,335,263,263
369.0,1604201570.208672,85.39134546962167,1604201422.0,1604201498.0,1604201563.0,1604201640.0,1604201722.0,369.0,9983.756097560976,32424.86631002445,0.0,212.0,524.0,1260.0,223072.0,369.0,69448.51490514904,227034.7509823193,0.0,0.0,0.0,498.0,1410055.0,369.0,66.13550135501355,223.4221074809495,0.0,1.0,1.0,4.0,1439.0,369.0,54.1029810298103,173.14474723919284,0.0,0.0,0.0,3.0,1064.0,113,80,74,77
553.0,1604298752.670886,88.45229309897503,1604298601.0,1604298669.0,1604298762.0,1604298830.0,1604298901.0,553.0,20815.56419529837,53585.55438048992,0.0,136.0,407.0,1369.0,224204.0,553.0,244298.1971066908,630042.7407554241,0.0,0.0,0.0,296.0,2577617.0,553.0,136.52802893309223,353.85035273350053,0.0,1.0,1.0,4.0,1451.0,553.0,184.17359855334539,472.4139698816956,0.0,0.0,0.0,2.0,1931.0,166,126,128,123
440.0,1604432229.5545454,98.68717621465998,1604432061.0,1604432141.75,1604432229.5,1604432316.25,1604432398.0,440.0,271.68863636363636,318.01623983683385,0.0,291.0,291.0,291.0,5331.0,440.0,98.12045454545455,724.3874462232241,0.0,0.0,0.0,0.0,9740.0,440.0,1.1181818181818182,1.1747675051857789,0.0,1.0,1.0,1.0,21.0,440.0,0.34545454545454546,1.2163380092830558,0.0,0.0,0.0,0.0,19.0,80,63,25,63
914.0,1604195599.02407,83.16933642792556,1604195451.0,1604195525.0,1604195617.0,1604195656.0,1604195751.0,914.0,960.7516411378556,3790.0843145378926,0.0,61.0,190.0,716.0,92559.0,914.0,911.6258205689278,7521.994464285007,0.0,40.0,89.0,292.0,209085.0,914.0,2.637855579868709,6.124048997135558,0.0,1.0,1.0,2.0,152.0,914.0,2.482494529540481,6.796382962416315,0.0,1.0,1.0,2.0,143.0,255,245,195,205
1114.0,1604269426.618492,88.58712727399025,1604269282.0,1604269349.0,1604269424.5,1604269500.0,1604269582.0,1114.0,2222.005385996409,9005.846403172063,0.0,240.0,291.0,1317.75,159192.0,1114.0,38674.952423698385,243820.88602049433,0.0,0.0,0.0,0.0,5417591.0,1114.0,10.956014362657092,56.10975354321952,0.0,1.0,1.0,3.0,973.0,1114.0,29.71543985637343,180.1469271424884,0.0,0.0,0.0,0.0,4002.0,330,231,257,231
1300.0,1604352469.4623077,117.37669943931782,1604352262.0,1604352373.0,1604352472.0,1604352567.0,1604352664.0,1300.0,3385.9223076923076,7045.152566991614,0.0,77.0,190.0,1981.0,59833.0,1300.0,132248.12,321637.42297409655,0.0,0.0,77.0,2562.5,1720560.0,1300.0,48.39076923076923,113.19315751315995,0.0,1.0,1.0,10.25,535.0,1300.0,88.84076923076923,214.25476773211778,0.0,0.0,1.0,5.0,1148.0,408,379,338,352
440.0,1604431894.865909,94.7684276096688,1604431736.0,1604431814.0,1604431891.5,1604431977.25,1604432060.0,440.0,260.0181818181818,237.50996552426622,0.0,291.0,291.0,291.0,2953.0,440.0,90.83181818181818,625.3777929788779,0.0,0.0,0.0,0.0,5951.0,440.0,1.0954545454545455,0.9425295643670426,0.0,1.0,1.0,1.0,14.0,440.0,0.3568181818181818,1.0135522968444175,0.0,0.0,0.0,0.0,12.0,75,63,18,63
323.0,1604435440.8513932,89.31184230898178,1604435286.0,1604435363.5,1604435441.0,1604435517.5,1604435595.0,323.0,13319.891640866874,17400.193003071043,0.0,1279.0,3175.0,22264.0,99034.0,323.0,221264.0,305328.9187206751,0.0,578.0,37536.0,399604.0,1467084.0,323.0,108.6749226006192,146.72671672271179,0.0,6.5,22.0,190.0,716.0,323.0,165.06811145510835,224.30522476246307,0.0,3.5,31.0,296.5,1074.0,103,107,103,103
308.0,1604370314.801948,91.49437815504126,1604370189.0,1604370238.0,1604370300.0,1604370391.5,1604370501.0,308.0,4195.62987012987,11532.601399020146,0.0,61.0,72.0,883.0,74660.0,308.0,94272.68506493507,277941.0523504734,0.0,52.0,72.0,529.5,1186843.0,308.0,51.21103896103896,149.30797241584247,0.0,1.0,1.0,4.0,834.0,308.0,75.90259740259741,218.6712395423858,0.0,1.0,1.0,6.0,935.0,83,91,75,80
31686.0,1604270445.9968755,106.00874740838644,1604270256.0,1604270365.0,1604270440.0,1604270536.0,1604270631.0,31686.0,495.83285993814303,855.2788692372296,0.0,172.0,285.0,444.0,12419.0,31686.0,42.8805466136464,1201.074033963302,0.0,0.0,0.0,0.0,103836.0,31686.0,1.4018493972101242,1.4478494401808428,0.0,1.0,1.0,1.0,72.0,31686.0,0.09780344631698543,1.3702571909847163,0.0,0.0,0.0,0.0,100.0,9327,912,3128,906
813.0,1604292099.4391143,94.86911022082678,1604291944.0,1604292015.0,1604292103.0,1604292179.0,1604292262.0,813.0,3279.590405904059,10196.058440153787,0.0,116.0,201.0,641.0,91185.0,813.0,120821.02583025831,445073.0037471117,0.0,0.0,0.0,304.0,2856017.0,813.0,18.57810578105781,61.06080199077994,0.0,1.0,1.0,5.0,550.0,813.0,92.14391143911439,333.0484997047995,0.0,0.0,0.0,2.0,2131.0,242,192,191,190
1246.0,1604316731.988764,84.64546350588242,1604316586.0,1604316661.0,1604316728.0,1604316803.0,1604316886.0,1246.0,447.8948635634029,570.4290777235583,0.0,133.75,291.0,582.0,4133.0,1246.0,171.90609951845906,992.0299135654025,0.0,0.0,0.0,52.0,24119.0,1246.0,1.709470304975923,1.5126848522311764,0.0,1.0,1.0,2.0,18.0,1246.0,0.5032102728731942,1.37898372418717,0.0,0.0,0.0,1.0,19.0,395,226,331,220
1348.0,1604305413.091988,87.15681705876855,1604305250.0,1604305343.0,1604305417.0,1604305490.0,1604305550.0,1348.0,907.4918397626112,4763.560626131954,0.0,80.0,324.0,486.0,103579.0,1348.0,18282.316765578635,227723.24647083427,0.0,0.0,111.0,298.0,6036396.0,1348.0,9.308605341246292,86.50346243216488,0.0,1.0,2.0,4.0,2307.0,1348.0,14.211424332344214,151.97633627794522,0.0,0.0,1.0,4.0,4029.0,391,374,363,341
1330.0,1604114354.107519,86.19609306460873,1604114196.0,1604114281.0,1604114349.0,1604114432.0,1604114496.0,1330.0,887.306015037594,1869.2433190311501,0.0,90.0,177.0,588.0,18486.0,1330.0,14809.254135338346,71644.85045583009,0.0,0.0,52.0,129.75,742411.0,1330.0,5.36390977443609,18.496575398751546,0.0,1.0,1.0,2.0,223.0,1330.0,10.745864661654135,48.047835631227656,0.0,0.0,1.0,1.0,497.0,365,301,265,259
1356.0,1604288505.3421829,87.09700757497674,1604288354.0,1604288426.75,1604288507.0,1604288575.5,1604288658.0,1356.0,525.8842182890855,1217.5950407519247,0.0,72.0,172.0,233.0,13577.0,1356.0,842.6113569321534,6636.0460354520455,0.0,0.0,71.0,213.25,155242.0,1356.0,2.4535398230088497,4.706599983147561,0.0,1.0,1.0,2.0,93.0,1356.0,2.006637168141593,5.796865183216645,0.0,0.0,1.0,2.0,117.0,390,339,291,296
316.0,1604201882.9968355,89.0434706898461,1604201723.0,1604201810.75,1604201890.5,1604201963.0,1604202023.0,316.0,7140.598101265823,26130.77609329591,0.0,267.0,544.0,1260.0,226514.0,316.0,51174.92405063291,202581.22447236892,0.0,0.0,0.0,261.0,2231696.0,316.0,47.37341772151899,180.79478796312512,0.0,1.0,1.0,4.0,1454.0,316.0,39.83860759493671,152.77489165630195,0.0,0.0,0.0,2.0,1683.0,92,66,64,67
324.0,1604433902.117284,87.78854314289144,1604433749.0,1604433826.75,1604433903.5,1604433979.25,1604434050.0,324.0,23491.45987654321,33257.81028679862,0.0,1884.75,9807.0,33746.25,239075.0,324.0,375604.037037037,541790.3514137709,0.0,1427.75,113543.5,607257.5,4768919.0,324.0,192.69135802469137,280.6787722216609,0.0,8.0,75.0,286.0,2199.0,324.0,280.44444444444446,397.9382390588559,0.0,5.0,111.5,450.75,3496.0,94,98,98,97
468.0,1604298457.0918803,86.84970711279814,1604298300.0,1604298391.0,1604298462.0,1604298536.25,1604298600.0,468.0,13646.286324786324,46535.15098423504,0.0,133.75,424.0,1008.0,422098.0,468.0,159171.9893162393,589699.150835605,0.0,0.0,0.0,178.5,6869045.0,468.0,87.11324786324786,309.13372434002173,0.0,1.0,1.0,3.0,2985.0,468.0,120.78846153846153,442.2618185910863,0.0,0.0,0.0,2.0,5162.0,140,100,102,96
759.0,1604384017.9341238,86.51913255694812,1604383859.0,1604383943.5,1604384023.0,1604384092.0,1604384159.0,759.0,3038.623188405797,13049.231975106739,0.0,136.0,160.0,385.0,118960.0,759.0,63256.40579710145,342170.7349964795,0.0,0.0,0.0,172.0,2597561.0,759.0,18.387351778656125,83.00372022194027,0.0,1.0,1.0,2.0,830.0,759.0,49.13175230566535,255.4638309000194,0.0,0.0,0.0,1.0,1934.0,245,179,190,177
2191.0,1604352864.8101323,162.26464236588382,1604352565.0,1604352730.0,1604352884.0,1604352991.0,1604353159.0,2191.0,3566.8393427658602,7560.993420676349,0.0,72.0,190.0,1921.0,38700.0,2191.0,145413.57097215884,357274.37975307653,0.0,0.0,72.0,1109.5,1726500.0,2191.0,52.97444089456869,125.25077049989667,0.0,1.0,1.0,10.0,645.0,2191.0,97.55271565495208,238.07653278263405,0.0,0.0,1.0,3.0,1151.0,649,582,553,540
216.0,1604368035.148148,89.19602815380958,1604367912.0,1604367960.5,1604368014.5,1604368110.0,1604368205.0,216.0,2476.9444444444443,5706.709418535076,0.0,61.0,120.0,1300.75,32021.0,216.0,51189.37037037037,142674.28129929892,0.0,72.0,72.0,758.0,850552.0,216.0,26.51388888888889,67.51130683365272,0.0,1.0,1.0,5.0,337.0,216.0,42.41203703703704,111.72754087206762,0.0,1.0,1.0,7.0,668.0,54,56,48,51
